company_prefix;company_name;item_reference;item_name
3319361;Sanford LLC;407205;Beans - Kidney, Red Dry
6314853123;Gleichner, Rodriguez and Wilkinson;877;Scallops - In Shell
39266333;Mertz, O'Conner and Heaney;21526;Fruit Mix - Light
213645;McGlynn Inc;6152432;Pickles - Gherkins
178504;Thompson LLC;2577266;Straws - Cocktale
964495;Halvorson and Sons;3508204;Cotton Wet Mop 16 Oz
585675;Torphy-Becker;4259784;Wine - Merlot Vina Carmen
9488123;Kunze, Wilkinson and Sawayn;147805;Bread - Multigrain, Loaf
086906;Blanda-Hagenes;1437603;Pasta - Penne, Rigate, Dry
2973701;Bednar-Mitchell;682407;Bols Melon Liqueur
7942595;Hilpert Group;565126;Pate - Cognac
587451;Lindgren, Witting and Wiegand;1074506;Pork - Loin, Center Cut
40777411;Larson, Reilly and Cruickshank;36953;Tea - Green
227113;Walsh-Schamberger;5935575;Wine - Chateau Bonnet
3733204;Orn-Langosh;647520;Extract - Lemon
885734;Deckow LLC;8756756;Muffins - Assorted
2871566;Lueilwitz, Schumm and Walsh;145216;Beef - Bresaola
584202;Bailey LLC;2876851;Sugar - Brown, Individual
5032891234;Sawayn-Gibson;138;Pepper - Red Chili
1999335;Gibson-Cormier;642804;Compound - Raspberry
83250532;Fisher Inc;52838;Chicken - Whole
516232;Leffler-Torphy;7222702;Juice - Apple, 341 Ml
043907;Nolan-Walter;3406731;Beans - Kidney White
4584903;Heller, Koepp and Powlowski;679405;Beer - Camerons Cream Ale
983682;Dickens and Sons;4365465;Mousse - Mango
686748;Steuber-Stracke;9119606;Cheese - Grie Des Champ
678362;Lynch, Yundt and Howe;4156060;Plastic Arrow Stir Stick
591271;Lakin, Prosacco and Terry;5771945;Chicken Giblets
069124;Mondelēz International;1253252;Milka Oreo
0107222;Armstrong-Schinner;797011;Honey - Comb
140037;Torp-Reynolds;9818542;Beef - Shank
750917;Becker, Schaefer and Greenholt;7528000;Walkers Special Old Whiskey
317580317580;Medhurst-Romaguera;7;Pork - Ground
390007;Carter-Reynolds;9160738;Cornflakes
528209;Morissette LLC;7791950;Shallots
2180435;Gottlieb, Stroman and Grimes;909583;Wine - Magnotta - Cab Franc
823332;Durgan, Hahn and Runolfsdottir;6492584;Carrots - Purple, Organic
511751;Spencer, Block and Marks;6644044;Jam - Blackberry, 20 Ml Jar
543540;Kozey Group;3141656;Wine - Clavet Saint Emilion
826025;Little Group;1130405;Salt - Sea
110720;O'Hara LLC;5041310;V8 Pet
33314622;Weissnat and Sons;53619;Mustard Prepared
764493764493;Okuneva, Schneider and Collins;4;Pumpkin
428651;Cole LLC;7619450;Creme De Cacao Mcguines
950316;Keeling, Nikolaus and Larkin;2380884;Berry Brulee
870953;Dach-Herzog;8728496;Lychee - Canned
8393604321;Wolf Inc;179;Veal - Eye Of Round
719065;Legros-Cruickshank;9765179;Salami - Genova
758601;Schmeler-Lind;2337085;Muffin Mix - Corn Harvest
368305;Macejkovic-Murazik;2620417;Chocolate Eclairs
791586;Raynor LLC;5775051;Gooseberry
28600054;Mosciski, Maggio and DuBuque;41912;Scallops - U - 10
608240;Von, Gusikowski and Farrell;2412148;Beef - Top Butt Aaa
060643;Beer, Batz and Koch;9948173;Chicken Breast Wing On
127083;Watsica-Labadie;5256251;Crush - Grape, 355 Ml
178540;Tromp-Pacocha;3505943;Cheese - Ricotta
051578;Kuvalis, Doyle and Flatley;9086830;Chicken - Leg / Back Attach
021276;Feil Inc;9837077;Coffee Cup 8oz 5338cd
745230;Nitzsche-Gerlach;6232899;Truffle - Whole Black Peeled
107956107956;Rodriguez, Beier and Ratke;2;Salmon - Atlantic, Fresh, Whole
7002011;Orn, Ortiz and Keebler;482701;Bread - Mini Hamburger Bun
4619611;Rolfson, Collins and Runolfsson;162323;Contreau
108653;Rath, Ferry and Moen;1180386;Wine - Spumante Bambino White
814875;Cummerata-Schaden;5090895;Pork - Tenderloin, Fresh
378922;Rowe-Gibson;8414833;Chutney Sauce - Mango
4499823;Daugherty, Hettinger and Koelpin;351572;Smoked Tongue
1210999912;Heidenreich-Kessler;123;Ecolab - Hobart Washarm End Cap
900706;Weimann-Casper;8213657;Sea Bass - Whole
7408273;Stark-McCullough;664337;Turkey - Whole, Fresh
828415;Weber-Reichel;5417914;Flower - Leather Leaf Fern
451802;Koelpin, Kozey and Grimes;2638491;Fond - Neutral
00169691;Smitham Group;87387;Almonds Ground Blanched
563974;Gusikowski-Leuschke;4156235;Cranberries - Dry
077605;Shanahan, Bernier and Funk;5749311;Trout - Smoked
349605;Harvey-Weber;4548221;Wine - Zonnebloem Pinotage
342472;Macejkovic, Towne and Spencer;6004566;Tamarind Paste
770270770270;Halvorson, Schinner and Smitham;9;Pepper Squash
327884;Welch and Sons;7703818;Crab - Blue, Frozen
812302;Spinka, Hauck and Bogan;5276620;Juice Peach Nectar
905710;Jakubowski-Veum;9832832;Plate - Foam, Bread And Butter
997970;Stark-Ward;9212388;Pasta - Ravioli
917969;Aufderhar Group;3602750;Cheese - Ricotta
096652;Wisoky-Roob;6172545;Pork - Kidney
51151534;Schmidt-Quigley;78331;Apple - Delicious, Red
5023208822;Smitham, Swaniawski and Upton;521;Hagen Daza - Dk Choocolate
446617;Koelpin Inc;9353565;Wine - Sauvignon Blanc Oyster
013332;Little, King and Zboncak;4770766;Wine - Red Oakridge Merlot
600851600851;O'Conner-Turner;2;Wild Boar - Tenderloin
196645;Lynch-Fay;1236529;Broccoli - Fresh
4984121;O'Reilly Inc;901844;Pork - Back, Long Cut, Boneless
676413;Hayes-Schumm;8849362;Triple Sec - Mcguinness
485771;Morar-Schulist;5339535;Lamb - Whole Head Off,nz
793681;Carroll-Hammes;9774282;Jicama
3209622;Windler-Stark;461277;Longos - Greek Salad
823413;Johnson-Donnelly;4397760;Grouper - Fresh
623828;Wolf and Sons;4865650;Food Colouring - Orange
655062;Zboncak Inc;1232213;Vermouth - White, Cinzano
472731472731;Dicki Group;2;Soup - Knorr, Chicken Noodle
443750;Cole, Kemmer and Turner;5573641;Spring Roll Veg Mini
2777462999;Gottlieb-Denesik;401;Bread - Hamburger Buns
